node_index,module,strength,strength_z,participation_coefficient,hub_class
0,0,7.94799478997502,-1.1579576582605933,0.7178662669955018,non_hub
1,1,12.395255935794015,0.09661979905974274,0.4588437640368982,non_hub
2,1,16.488409507267793,1.2513031045249414,0.5908325735246123,connector_hub
3,1,7.856265548219609,-1.18383458230667,0.32612998335752663,non_hub
4,1,8.298661538913446,-1.0590341671893393,0.3116960810146788,non_hub
5,1,15.766376419558643,1.047616744408466,0.6312094106579167,connector_hub
6,1,15.11511180313872,0.8638942510084653,0.6421599344729416,non_hub
7,1,15.962467784113016,1.1029343426962086,0.5534883047702459,connector_hub
8,1,17.14453710753988,1.4363974512333482,0.592940959804618,connector_hub
9,2,17.162392770939856,1.4414345543070393,0.48535261165474153,connector_hub
10,2,16.646617723257172,1.2959338232606161,0.4000577537516221,connector_hub
11,2,18.604422161171062,1.8482326951084367,0.333166221736801,connector_hub
12,2,14.915714300135447,0.8076439872817547,0.40625433662858157,non_hub
13,2,15.83303375123595,1.0664208539368878,0.3690528688536313,connector_hub
14,2,16.898026776163142,1.3668566047209794,0.32464473514315717,connector_hub
15,1,9.81122243510595,-0.6323390078615867,0.7214915707838785,non_hub
16,2,16.317097945394295,1.2029759169238974,0.4638127919227647,connector_hub
17,3,12.19658781448419,0.040575294743235124,0.7314637616797254,non_hub
18,2,16.38725567512551,1.2227674927481105,0.46429513765271846,connector_hub
19,4,9.418238739352528,-0.7432001580439158,0.7346654309027746,non_hub
20,2,14.89035585778614,0.8004903416825736,0.46407076681711834,non_hub
21,3,12.13896662420506,0.02432029104143432,0.589532880840242,non_hub
22,2,13.984038947606477,0.5448173044091507,0.5108299388770818,non_hub
23,2,13.879319439441252,0.5152758113467797,0.48993250055527193,non_hub
24,2,12.5434423445325,0.1384233545040503,0.5097396639272491,non_hub
25,2,14.2532296841793,0.6207563191758507,0.4451131658386047,non_hub
26,3,8.07207038375596,-1.1229557913008474,0.7056643013476236,non_hub
27,3,10.656974390504152,-0.39375141362401567,0.6751909706316046,non_hub
28,2,17.38193495839088,1.5033676565638723,0.552894467216728,connector_hub
29,2,11.514132663103272,-0.15194608425416634,0.4416146456572072,non_hub
30,0,6.491657185352004,-1.5687921627118628,0.22190889133313274,non_hub
31,0,5.835903614565701,-1.7537809952744055,0.2721326655262273,non_hub
32,0,7.548394711848056,-1.2706852974802618,0.4850910079946319,non_hub
33,3,9.009973635979897,-0.8583722107989907,0.6689253225878703,non_hub
34,3,9.242982522768907,-0.7926401372517414,0.690429479604061,non_hub
35,4,8.84034454594246,-0.9062247711701762,0.6061963514586448,non_hub
36,4,9.58043553975555,-0.697444255081837,0.504105083862711,non_hub
37,0,9.37694016218389,-0.7548505339126429,0.5250636814009428,non_hub
38,0,7.797025539238637,-1.200546256616341,0.6184478013452129,non_hub
39,0,10.290520183980357,-0.4971285645424374,0.6872698310644827,non_hub
40,4,10.393530419092937,-0.46806925936378674,0.42088765922637306,non_hub
41,0,8.54490231902915,-0.9895693613961001,0.6496372189488935,non_hub
42,0,8.13754372927524,-1.1044856856221967,0.6255002250648543,non_hub
43,4,9.284487195588575,-0.7809316215640658,0.512489450587809,non_hub
44,0,6.682932151843894,-1.514833275827959,0.6133726988697292,non_hub
45,4,8.86424349106239,-0.8994828514092037,0.549528677658526,non_hub
46,4,8.360261539354813,-1.0416567365886389,0.6018082012680044,non_hub
47,4,9.038372707943529,-0.8503608001068423,0.5126144196368779,non_hub
48,4,11.228611595489228,-0.23249190409102855,0.5987384394293332,non_hub
49,4,11.35894494054412,-0.19572471833744545,0.32025486456063845,non_hub
50,0,8.341982630054858,-1.0468132378149468,0.6872620580959782,non_hub
51,1,15.361730834459047,0.9334657618992837,0.5391890573700212,non_hub
52,1,11.473166227574058,-0.1635027625864106,0.6204988912288909,non_hub
53,1,7.083372585858769,-1.4018685712508643,0.2835314760417713,non_hub
54,1,13.947979577846969,0.5346449149446848,0.5658433160036745,non_hub
55,1,17.874759780199195,1.6423941026339204,0.6409732133994022,connector_hub
56,1,15.108080712303764,0.8619107722396951,0.5651155899839762,non_hub
57,1,15.688530169676598,1.0256562282533137,0.5476496141616058,connector_hub
58,2,17.15213290919278,1.4385402355699426,0.47356473575488434,connector_hub
59,2,17.00632451441153,1.3974075205836427,0.37373069128279335,connector_hub
60,2,16.64305265767549,1.2949281141812534,0.3220308001463932,connector_hub
61,2,14.376974093913347,0.6556647587370624,0.40698897559808844,non_hub
62,2,16.06632966859594,1.1322338991366006,0.3840607173525288,connector_hub
63,2,14.807228536160716,0.7770400291465714,0.37883659522856516,non_hub
64,2,17.716779498191304,1.5978276843352013,0.4237832551654812,connector_hub
65,2,16.45552170688596,1.2420254184104913,0.32129980818801995,connector_hub
66,4,10.209980381646826,-0.5198489349258312,0.7624189963054977,non_hub
67,2,18.610849560622526,1.850045871847244,0.4571511295510883,connector_hub
68,3,12.372656457229905,0.09024446030087929,0.6374713933589623,non_hub
69,3,11.647590204649786,-0.114297559095922,0.7470124408390085,non_hub
70,2,14.609615474351065,0.7212931583221504,0.5779193155422804,non_hub
71,3,14.51471491817846,0.6945216028507013,0.5562418878063217,non_hub
72,2,15.916218653354159,1.0898874099957818,0.48133762937359925,connector_hub
73,2,12.482391557052972,0.1212008575082361,0.6693437652115951,non_hub
74,2,17.849418020236243,1.635245163155016,0.4102734444691878,connector_hub
75,2,14.893635891342024,0.8014156429013551,0.44507464615171877,non_hub
76,2,18.11207911363333,1.709342158111316,0.5387044009675596,connector_hub
77,2,15.72034030663789,1.0346299042838811,0.3663466960992203,connector_hub
78,0,6.563313304976648,-1.548577889384414,0.2167475840536518,non_hub
79,0,6.031229801605478,-1.6986792544389655,0.2681804232186349,non_hub
80,3,9.435341405476958,-0.7383754763631565,0.6815243918428959,non_hub
81,4,10.022497592488111,-0.572738044245439,0.47592149509565385,non_hub
82,0,7.580692043456833,-1.2615741832822427,0.6309950572117621,non_hub
83,3,9.384769254775613,-0.7526419379353003,0.6803975734428004,non_hub
84,3,8.934700799962258,-0.8796067639587668,0.6914752715977099,non_hub
85,4,9.2462068683887,-0.7917305456634431,0.6294175631276707,non_hub
86,4,10.01272062358176,-0.575496138359692,0.4901934061172726,non_hub
87,3,10.337212288042005,-0.4839566685664903,0.7207188622812142,non_hub
88,4,10.671104866846605,-0.3897651900812164,0.5819836049785592,non_hub
89,4,9.898256341410173,-0.6077866433181954,0.5352533639824235,non_hub
90,0,9.629353900823137,-0.6836443294574673,0.5228189541165726,non_hub
91,0,9.769399170014742,-0.6441373987935634,0.6551892253717135,non_hub
92,0,9.3300567956175,-0.7680763852600002,0.7102762513746544,non_hub
93,0,8.713624151215916,-0.9419727395025775,0.5211171016447824,non_hub
94,0,8.903920844639455,-0.8882898245704918,0.7133821276816343,non_hub
95,4,10.136426540565996,-0.5405985576472417,0.4863487309572163,non_hub
96,4,9.272603738447984,-0.7842839584192187,0.5286522557197477,non_hub
97,4,10.147663972713886,-0.5374284651816432,0.470605887941442,non_hub
98,4,11.386127689711488,-0.1880564336977107,0.6107322198449867,non_hub
99,4,11.43671566410562,-0.1737855082437281,0.3066537247014799,non_hub
